Month,Season,Marketing_Spend,Economic_Index,Competition_Index,Product_Price,Sales_Volume,Returned_Items,Customer_Satisfaction,Region,Revenue,Profit,Is_Profit
7,Spring,56990,0.5581295159193551,0.2552748767923753,114.8416593973867,200,8,10,West,22049.598604298248,-34940.40139570175,0
4,Spring,55998,0.7454927808325666,0.7371431442354803,103.74839761046873,212,13,2,South,20645.931124483275,-35352.06887551672,0
11,Winter,45187,0.6371593830486526,0.28442498588865617,127.25347724734115,187,13,1,West,22142.10504103736,-23044.89495896264,0
8,Summer,29062,0.5881602099453771,0.3166643304386654,83.36996114087806,193,13,2,West,15006.59300535805,-14055.40699464195,0
5,Winter,45799,0.5774994096629624,0.3466346930681351,97.86810478170696,224,7,7,East,21237.37873763041,-24561.62126236959,0
7,Winter,51392,0.7207592170430261,0.8119918885535784,119.10308233801646,196,6,10,North,22629.585644223127,-28762.414355776873,0
10,Autumn,50018,0.6230487214603503,0.5740074950617284,142.2070873564079,206,18,1,South,26734.932423004684,-23283.067576995316,0
3,Autumn,57559,0.643230873119077,0.644811196165307,76.62911370686783,200,12,6,South,14406.273376891151,-43152.72662310885,0
7,Winter,69335,0.6541001872603629,0.5294251318368093,125.61468917120789,183,16,7,South,20977.653091591717,-48357.34690840828,0
11,Summer,54138,0.613293618522269,0.40971691831981494,107.63678121681968,197,9,9,North,20235.7148687621,-33902.2851312379,0
11,Autumn,55677,0.6519872226349983,0.5946936924890251,103.26122134858832,213,14,8,East,20548.983048369075,-35128.016951630925,0
8,Winter,51481,0.5881676577319009,0.2665076043804795,99.84541555490523,186,11,6,South,17472.947722108416,-34008.052277891584,0
5,Winter,61724,0.5950191368173424,0.33570748218552576,72.30706758610793,196,8,3,North,13593.72870618829,-48130.27129381171,0
4,Winter,55314,0.4880885071973291,0.6099462768892222,119.26177996426065,191,11,8,West,21467.12039356692,-33846.87960643308,0
8,Winter,57491,0.6297760250918397,0.296411715375983,84.35461959347344,225,13,7,South,17883.17935381637,-39607.82064618363,0
8,Winter,68089,0.4280458993287779,0.471637779625719,78.40618594995306,201,7,3,South,15210.800074290893,-52878.19992570911,0
3,Winter,52269,0.6283558070610913,0.47847314834668825,117.70917917800676,229,10,9,East,25778.310239983482,-26490.689760016518,0
6,Autumn,47290,0.5719383983835186,0.4207006994994257,115.78268050293357,209,17,2,South,22230.274656563248,-25059.725343436752,0
5,Summer,54462,0.6374585109450978,0.20733222877267143,101.58000167222124,198,18,3,South,18284.400300999823,-36177.59969900017,0
2,Winter,61362,0.49511716659183236,0.4056606663216961,121.59087241623283,198,9,2,West,22980.674886668003,-38381.325113332,0
8,Spring,55014,0.38806426319613574,0.3762547434601272,128.5187316295823,189,8,1,North,23261.890424954396,-31752.109575045604,0
12,Autumn,60606,0.5649134693026461,0.5242159794931548,126.16448155651081,175,6,4,North,21321.797383050325,-39284.202616949675,0
6,Autumn,43310,0.4954087331142901,0.5165735808049203,89.4344205319604,215,15,5,East,17886.88410639208,-25423.11589360792,0
2,Winter,41319,0.42194433167895173,0.5566942189905311,120.28209862559424,214,9,6,West,24657.83021824682,-16661.16978175318,0
12,Autumn,44549,0.676798326969457,0.3986020590538404,104.23281955017298,205,20,5,North,19283.071616782,-25265.928383218,0
5,Winter,37326,0.7601238227142041,0.5784166925698838,134.5181554070475,190,8,1,West,24482.304284082642,-12843.695715917358,0
1,Summer,51102,0.520304856422545,0.26659899008394755,97.52543327465654,192,9,3,North,17847.154289262147,-33254.84571073785,0
12,Summer,45699,0.5924229172778546,0.2267142901021469,92.87056725263339,175,11,1,West,15230.773029431877,-30468.226970568125,0
10,Autumn,62302,0.5692214383320188,0.1496640913750058,87.72406246314247,194,16,5,East,15614.88311843936,-46687.116881560636,0
6,Autumn,37087,0.5341101578023797,0.42510541406420044,103.7857578847111,213,12,5,South,20860.937334826933,-16226.062665173067,0
12,Spring,65549,0.6663737213888021,0.3870052663492164,109.33450935184207,193,10,6,East,20008.215211387098,-45540.7847886129,0
9,Autumn,40187,0.7010141460428618,0.61839734177819,109.71924565854542,196,19,8,North,19420.30648156254,-20766.69351843746,0
1,Spring,37617,0.5131392810734395,0.4027006119426695,106.98345080623713,191,3,10,East,20112.88875157258,-17504.11124842742,0
11,Summer,41753,0.6044766867094903,0.5410064521916401,113.42074025359612,196,17,1,South,20302.312505393707,-21450.687494606293,0
11,Summer,69512,0.7284533033933894,0.6219944864874616,95.54916328171204,195,6,4,East,18058.791860243575,-51453.208139756425,0
10,Winter,49599,0.6689036203214972,0.39705213865263267,82.54969368816256,197,16,10,North,14941.494557557424,-34657.505442442576,0
12,Summer,55294,0.6837697438400488,0.5447078315160764,80.80344006172704,218,15,1,North,16403.09833253059,-38890.901667469414,0
12,Spring,48161,0.7367985307442414,0.6502891323432792,119.50102190606937,213,10,9,East,24258.707446932083,-23902.292553067917,0
3,Autumn,49099,0.735484517237325,0.3142755837791649,109.4064462105658,202,18,7,South,20130.786102744107,-28968.213897255893,0
12,Winter,44941,0.7028642630303066,0.5037278507366967,62.88324458099352,196,4,7,East,12073.582959550757,-32867.41704044925,0
7,Spring,50507,0.6144937414781181,0.39769484252010284,121.93506853599881,219,8,5,South,25728.29946109575,-24778.70053890425,0
4,Autumn,54945,0.5617516982541908,0.3238265176260292,137.6087029280531,206,13,7,West,26558.47966511425,-28386.52033488575,0
9,Winter,66783,0.6103477765313186,0.26953223892646566,85.68166298482934,180,8,2,South,14737.246033390647,-52045.75396660935,0
3,Summer,31255,0.5465593313976631,0.3214027141731949,106.72320092552081,192,13,4,West,19103.452965668224,-12151.547034331776,0
5,Spring,66108,0.4047513126989317,0.5090043508628018,90.53083812735281,189,4,7,East,16748.20505356027,-49359.79494643973,0
3,Autumn,55279,0.5720500934199959,0.258373331665738,112.56613850942334,193,5,3,South,21162.43403977159,-34116.565960228414,0
7,Winter,46322,0.635752624383722,0.41739094638670443,76.6798222184955,196,5,2,West,14645.846043732641,-31676.153956267357,0
5,Winter,44522,0.5412730582233821,0.6219791610279346,98.57108685802439,218,7,10,West,20798.499327043144,-23723.500672956856,0
9,Summer,60436,0.5807220212761391,0.5673516445128404,119.62628255997562,196,11,2,West,22130.86227359549,-38305.137726404515,0
7,Autumn,52289,0.5845963284033268,0.42042385655927644,124.7142347859768,187,14,1,North,21575.562617973985,-30713.437382026015,0
2,Summer,34659,0.7356856774218888,0.7534535620038085,108.52991637839378,202,18,5,East,19969.504613624456,-14689.495386375544,0
4,Summer,53630,0.5640562725975098,0.783955462086749,93.21909393580522,208,18,6,West,17711.627847802993,-35918.37215219701,0
9,Autumn,61443,0.7356633382183454,0.5039183647309589,68.14797831312782,227,8,6,South,14924.407250574994,-46518.592749425006,0
12,Autumn,58578,0.3287509508152026,0.12971856261735376,84.84900577521437,180,9,9,West,14509.179987561656,-44068.820012438344,0
2,Autumn,43731,0.7347855781329036,0.6329672295524389,90.6145319049044,207,7,4,North,18122.90638098088,-25608.09361901912,0
10,Spring,36579,0.7297406114862623,0.15590354899496217,86.04532433396771,232,9,1,East,19188.1073264748,-17390.8926735252,0
9,Autumn,46740,0.6902254673389192,0.7214219166080099,101.19105936627231,205,12,6,North,19529.874457690556,-27210.125542309444,0
10,Winter,82539,0.3988081996796228,0.6625377351113448,93.1622452765743,207,5,5,North,18818.773545868007,-63720.22645413199,0
5,Summer,34550,0.7018886995222481,0.7661318756207032,103.44242744670886,220,8,10,North,21929.79461870228,-12620.205381297721,0
2,Spring,41572,0.5949880824324749,0.539039833755159,124.05254602095327,209,19,6,South,23569.983743981124,-18002.016256018876,0
4,Autumn,53920,0.34706625600753394,0.4457921349227243,91.87075557541277,210,12,3,East,18190.40960393173,-35729.59039606827,0
12,Spring,48754,0.7298177707834697,0.4324848299464664,72.3426604549155,211,11,2,East,14468.5320909831,-34285.4679090169,0
12,Autumn,47997,0.7444173078548968,0.41806097434536543,85.9658480375025,219,4,6,South,18482.657328063036,-29514.342671936964,0
7,Spring,70247,0.40954879281348283,0.6471602980512055,111.67176939946543,181,7,1,East,19430.887875506985,-50816.11212449301,0
12,Summer,41467,0.6175421075300113,0.6068407234258817,113.55887569905346,201,17,7,North,20894.833128625836,-20572.166871374164,0
8,Summer,49857,0.7388591121444182,0.5180338450151319,108.12170394032468,215,7,7,East,22489.314419587532,-27367.685580412468,0
3,Winter,52019,0.7230161313457146,0.39167280381095415,126.01474611776032,199,10,10,South,23816.7870162567,-28202.2129837433,0
1,Winter,41952,0.6836061051159523,0.8943818946950409,96.2727386024603,196,4,7,North,18484.365811672375,-23467.634188327625,0
4,Autumn,35593,0.3352747120102491,0.6368561920944305,141.0433229601865,187,10,10,South,24964.668163953007,-10628.331836046993,0
2,Summer,52693,0.6729542766635814,0.2603432120339887,116.36374272211813,199,4,1,West,22690.929830813035,-30002.070169186965,0
8,Spring,68136,0.5781896101626057,0.42256159760943096,49.53025059584245,210,17,4,North,9559.338364997593,-58576.661635002405,0
4,Spring,54045,0.6995857528718494,0.6397664146113058,136.01317259927134,198,17,7,North,24618.384240468113,-29426.615759531887,0
2,Spring,50900,0.6256161458433824,0.3800691618150974,84.66026779728557,229,19,9,East,17778.65623742997,-33121.34376257003,0
6,Winter,50827,0.5980118389711134,0.5527321938238833,79.31797621086139,198,8,5,North,15070.415480063664,-35756.58451993634,0
6,Spring,47415,0.6640903849409237,0.6426194450504222,110.47542219665787,210,18,2,South,21211.281061758313,-26203.718938241687,0
10,Winter,61834,0.5828086628928242,-0.008264212398458981,65.23639055326913,209,13,7,East,12786.33254844075,-49047.667451559246,0
4,Winter,44945,0.5975722720108058,0.48379434503161245,86.09061537356773,195,9,10,West,16012.854459483598,-28932.1455405164,0
6,Autumn,36432,0.5444776000871238,0.4896813730347683,131.14197081248415,194,13,1,South,23736.69671705963,-12695.303282940371,0
2,Spring,34183,0.4394591008815437,0.43818913164743156,111.12435157995006,195,4,7,West,21224.751151770462,-12958.248848229538,0
10,Spring,50790,0.6567853473771271,0.5452542702419061,116.2447956187844,216,6,6,West,24411.40707994472,-26378.59292005528,0
12,Summer,60606,0.519396968032943,0.5986279411243812,86.86178799005052,205,16,7,West,16416.877930119546,-44189.12206988045,0
2,Autumn,52374,0.5799208133959266,0.5213076416486914,69.23260002063793,179,7,10,North,11908.007203549725,-40465.99279645027,0
10,Summer,46826,0.6286973958453933,0.44392589089258516,114.13634858627468,203,13,3,South,21685.90623139219,-25140.09376860781,0
4,Autumn,54584,0.3914782356434561,0.5948931949676405,118.60512312483901,202,10,3,South,22772.18363996909,-31811.81636003091,0
8,Spring,51862,0.4138651096323176,0.5073580113911536,117.6998677216222,194,17,7,North,20832.87658672713,-31029.12341327287,0
7,Winter,58261,0.5700261423390797,0.4653949380206783,104.18138460235731,211,20,2,East,19898.644459050247,-38362.35554094975,0
12,Winter,63265,0.6454563482299656,0.3031580921991621,80.6586351305586,187,16,1,West,13792.62660732552,-49472.37339267448,0
9,Winter,40456,0.6744038270649161,0.26560178221008823,148.7553917611946,195,8,9,South,27817.25825934339,-12638.74174065661,0
8,Winter,26604,0.44086855041240924,0.30031553109288944,109.59574885968351,194,6,9,North,20604.0007856205,-5999.999214379499,0
5,Winter,46484,0.6636631484412815,0.5417493591830322,96.52226716821664,184,10,7,West,16794.874487269695,-29689.125512730305,0
2,Summer,39806,0.5754930381683664,0.4881381878590472,96.61101525033264,204,4,7,East,19322.203050066528,-20483.796949933472,0
5,Autumn,58319,0.5116842754903522,0.27795738526888053,102.99194956147107,212,4,3,East,21422.325508785983,-36896.67449121401,0
8,Spring,42756,0.5351448143940629,0.5968876738690716,121.39216524315961,202,12,10,West,23064.511396200327,-19691.488603799673,0
10,Summer,31242,0.6801857332040167,0.7061464269768642,103.79256246610905,192,11,2,East,18786.45380636574,-12455.546193634262,0
9,Autumn,44257,0.6274005785085571,0.41022595749254964,117.17026306894994,209,20,7,South,22145.179720031538,-22111.820279968462,0
12,Winter,35080,0.605030652275532,0.2388527213947439,103.02795375786414,204,7,9,South,20296.506890299235,-14783.493109700765,0
12,Autumn,65901,0.6243495738807899,0.3936310422647131,97.75292217059238,204,8,1,South,19159.572745436108,-46741.427254563896,0
12,Autumn,54716,0.6928097776616193,0.6281690940192042,112.82500786656777,218,6,4,East,23918.90166771237,-30797.09833228763,0
9,Winter,56475,0.5902900432596676,0.5822794787802161,112.06572067347592,211,19,6,South,21516.618369307376,-34958.381630692624,0
1,Winter,55360,0.6054318886454236,0.3616350970982782,96.6073176180969,203,16,7,North,18065.56839458412,-37294.431605415884,0
9,Winter,58401,0.7138170740137806,0.7281758206647113,85.01586084571481,198,16,10,South,15472.886673920097,-42928.1133260799,0
7,Spring,61333,0.5668413375736842,0.7022420098889598,106.8345782948087,236,21,7,South,22969.43433338387,-38363.56566661613,0
9,Winter,44602,0.6618140595280682,0.39004909050850384,101.56697337925188,202,12,10,East,19297.724942057856,-25304.275057942144,0
8,Spring,35800,0.5496295519326858,0.388506499555255,88.90256574458485,206,11,2,South,17336.000320194045,-18463.999679805955,0
1,Winter,41530,0.5584132658588215,0.4110758093930766,83.15199034926407,188,8,4,West,14967.358262867532,-26562.641737132468,0
12,Spring,49547,0.5895950243200363,0.4239000836917181,108.20951687788913,215,14,5,North,21750.112892455716,-27796.887107544284,0
8,Autumn,24356,0.6515272852986765,0.6425807011892666,111.00190114055388,190,10,1,East,19980.342205299698,-4375.6577947003025,0
8,Summer,61427,0.7194181962551068,0.5637993590714891,92.79935770690278,215,12,1,North,18838.269614501263,-42588.73038549874,0
11,Autumn,31032,0.6096545263538775,0.6315618154025882,88.40125928174149,212,20,10,West,16973.041782094366,-14058.958217905634,0
3,Autumn,55990,0.45001630886764554,0.601034771478005,83.3948962192562,198,19,3,East,14927.68642324686,-41062.31357675314,0
1,Winter,48319,0.6631446293533938,0.7571790602290598,107.64509878289837,213,17,10,East,21098.43936144808,-27220.56063855192,0
8,Spring,52851,0.8453842174145709,0.34109216842862894,83.92045852718527,211,16,3,South,16364.48941280113,-36486.51058719887,0
3,Summer,45280,0.610866883106735,0.5570537795575874,144.8226913804146,187,13,8,North,25199.14830019214,-20080.85169980786,0
3,Winter,52172,0.42912323608204206,0.17392681156479534,91.79437128058007,190,6,9,West,16890.16431562673,-35281.83568437327,0
1,Winter,45281,0.6169652889470851,0.3024566638854712,51.49571444254798,220,5,1,West,11071.578605147815,-34209.42139485219,0
11,Winter,44438,0.599698739681616,0.48877199210977296,99.3965666674173,205,15,2,East,18885.347666809288,-25552.652333190712,0
5,Autumn,41027,0.5912891156637611,0.5627309919131804,98.53933040362395,213,16,10,South,19412.24808951392,-21614.75191048608,0
10,Spring,65258,0.6945409899977133,0.48472763869556457,122.23437135048377,186,4,2,East,22246.655585788045,-43011.344414211955,0
7,Spring,53669,0.7378274786335723,0.41492113717809825,105.76252473455409,210,19,4,East,20200.64222429983,-33468.35777570017,0
10,Summer,52094,0.6683585745201083,0.44158731837604437,83.32329633120395,207,5,2,East,16831.305858903197,-35262.6941410968,0
9,Spring,41244,0.5866941915328932,0.7054161464636156,94.27216253006446,211,9,7,East,19042.97683107302,-22201.02316892698,0
12,Spring,47651,0.7125678784369629,0.44239517331797895,106.54839543301975,227,16,9,West,22481.711436367168,-25169.288563632832,0
7,Winter,40127,0.45061703587857593,0.7623862433065292,56.70571499379179,207,6,7,West,11397.84871375215,-28729.15128624785,0
9,Winter,45088,0.5283943879266005,0.61910256103117,126.77243468780901,199,4,6,East,24720.624764122756,-20367.375235877244,0
8,Autumn,37908,0.539537222139827,0.5686306019222346,83.3766022839067,192,8,10,East,15341.294820238834,-22566.705179761164,0
12,Winter,65891,0.5969049352068065,0.3209604634518507,128.34087641895235,217,17,1,South,25668.17528379047,-40222.82471620953,0
2,Winter,42430,0.6506734662486837,0.640285724209944,107.84930282253177,192,10,10,East,19628.573113700782,-22801.426886299218,0
1,Winter,41249,0.5799287051662716,0.4259344133377251,112.5918827278795,209,15,9,West,21842.82524920862,-19406.17475079138,0
7,Winter,36743,0.5093964205497725,0.32083403629914503,122.98846872002545,182,12,5,North,20908.039682404327,-15834.960317595673,0
7,Autumn,42287,0.697485028469613,0.5769265419619066,111.46264105384996,196,4,5,West,21400.827082339194,-20886.172917660806,0
8,Winter,45051,0.5764543277795307,0.291808090915019,113.45772432634902,195,19,6,South,19968.559481437427,-25082.440518562573,0
5,Summer,49505,0.6102128920871034,0.3856637806805627,96.71167119077238,206,4,9,West,19535.75758053602,-29969.24241946398,0
3,Summer,43546,0.6551067745475908,0.4984826132796633,107.44337362944191,207,20,8,North,20091.910868705636,-23454.089131294364,0
12,Summer,33993,0.6038877607922947,0.8327632136172092,88.25004370056514,203,12,8,East,16855.758346807943,-17137.241653192057,0
8,Summer,34854,0.604327169474429,0.39696263663112685,93.13177800824064,218,21,8,North,18346.960267623406,-16507.039732376594,0
6,Winter,56796,0.703047342043583,0.4312675221049137,139.29390095937816,195,5,1,East,26465.841182281853,-30330.158817718147,0
11,Summer,48772,0.6151369474570376,0.6098517581632468,83.83612829899157,205,12,1,East,16180.372761705372,-32591.627238294626,0
3,Winter,56488,0.6862796985790489,0.3142556467435931,103.08634253272561,198,6,8,West,19792.577766283317,-36695.42223371669,0
1,Autumn,57802,0.6544667444318389,0.5664209571531373,102.26938073430952,218,5,5,West,21783.378096407927,-36018.62190359207,0
3,Summer,51510,0.8016887544186916,0.6808890211424882,93.78491056438402,229,15,9,West,20069.97086077818,-31440.02913922182,0
5,Spring,37682,0.640941341786913,0.4539357672933348,110.28801873140876,231,8,2,South,24594.228177104153,-13087.771822895847,0
3,Summer,51895,0.6637973270150773,0.6539231422095299,111.79444185482765,194,13,9,West,20234.793975723805,-31660.206024276195,0
1,Summer,63995,0.7101656713996367,0.5437174884817709,81.48361633704842,180,5,8,South,14259.632858983474,-49735.367141016526,0
5,Winter,45525,0.606361775995017,0.3903977054294329,102.02713423093103,205,9,9,West,19997.318309262482,-25527.681690737518,0
10,Summer,53406,0.5362146903270559,0.47032929711552407,78.35265322455285,174,14,4,East,12536.424515928456,-40869.575484071545,0
7,Spring,49862,0.5525854418876543,0.4430363990029637,115.77097236634602,211,11,1,South,23154.194473269203,-26707.805526730797,0
7,Winter,63723,0.5535493074497512,0.48685426132752835,103.5297462072525,196,13,1,North,18945.943555927206,-44777.05644407279,0
11,Winter,43222,0.5049669031803281,0.5229076848829742,101.64659773434174,198,14,5,South,18702.97398311888,-24519.02601688112,0
9,Autumn,61535,0.6317805169201883,0.5882299902457786,113.18062697744806,171,14,2,South,17769.358435459344,-43765.64156454065,0
10,Autumn,46249,0.5370483451950916,0.5763002374380704,94.48979419063198,198,9,8,North,17858.571102029444,-28390.428897970556,0
10,Summer,43058,0.6194852821201847,0.13524296431067778,118.2804391843641,208,15,10,South,22828.124762582273,-20229.875237417727,0
12,Autumn,51098,0.5841325556289364,0.485403771684196,81.03110254487729,219,21,5,East,16044.158303885702,-35053.841696114294,0
3,Autumn,53424,0.5958378506707485,0.2735867129889856,128.23753037789055,216,16,5,West,25647.50607557811,-27776.49392442189,0
7,Autumn,69115,0.6556056647828856,0.4586409121299011,88.98177634890293,175,10,2,North,14681.993097568982,-54433.00690243102,0
1,Winter,53195,0.5458100875611452,0.481431561828362,66.07641864608824,178,12,7,West,10968.68549525065,-42226.31450474935,0
4,Winter,51932,0.6638891045936773,0.6464222537127063,93.42930183074536,209,16,8,East,18031.855253333855,-33900.14474666615,0
4,Winter,65961,0.7567307866638953,0.49548267993498507,91.16063605491581,188,12,10,North,16044.271945665183,-49916.72805433482,0
5,Autumn,56010,0.6343109082951759,0.538882702751489,93.27852027699927,205,4,1,West,18748.982575676855,-37261.017424323145,0
7,Winter,43557,0.5217904314727531,0.6189584570986144,104.63296030967966,208,7,2,West,21031.225022245613,-22525.774977754387,0
7,Autumn,63559,0.5384981988660204,0.684162838972895,121.95684721776544,200,16,10,East,22440.05988806884,-41118.94011193116,0
11,Winter,42603,0.5751737099214884,0.4815479114964634,96.16588172205726,208,8,4,West,19233.17634441145,-23369.82365558855,0
4,Winter,43507,0.5405109702930434,0.5141269162520613,86.16764860362198,181,14,5,East,14389.997316804871,-29117.00268319513,0
7,Spring,41514,0.500881969038995,0.5015034953363381,77.46906375432405,187,9,2,South,13789.493348269682,-27724.50665173032,0
11,Summer,40637,0.6154407276961692,0.4186101553353386,90.63634417381911,204,12,1,East,17402.17808137327,-23234.82191862673,0
3,Autumn,53331,0.5778802668274201,0.38463271648364156,62.24350321499295,229,5,9,South,13942.544720158421,-39388.45527984158,0
6,Spring,47420,0.6189720883558057,0.1592171125361097,85.49733812967278,181,6,1,North,14962.034172692736,-32457.965827307264,0
12,Winter,15218,0.7186387412215288,0.3385008598213506,124.88107791724373,197,19,4,West,22228.831869269383,7010.831869269383,1
2,Autumn,47317,0.576364716607564,0.2332053750185295,83.53281590843154,207,18,2,East,15787.702206693562,-31529.29779330644,0
10,Winter,44820,0.4814579995319689,0.6882797726679878,112.57431721600611,192,13,4,East,20150.802781665094,-24669.197218334906,0
9,Summer,58928,0.5601107507746449,0.5282624012446142,75.4703582038302,213,12,8,West,15169.541998969871,-43758.45800103013,0
5,Spring,44367,0.6770425217116642,0.48110915405797494,135.4219179862111,184,13,8,West,23157.1479756421,-21209.8520243579,0
6,Summer,75392,0.6676770270716955,0.39237722208783776,136.7521346612942,175,12,9,North,22290.597949790958,-53101.40205020904,0
12,Spring,63967,0.6518639647613567,0.5044668894851936,111.82043113119752,184,12,5,North,19233.114154565974,-44733.88584543402,0
12,Winter,46100,0.5375293276837896,0.3728030183516999,139.82505203287042,187,4,7,East,25587.984522015286,-20512.015477984714,0
12,Summer,61496,0.6751902618032698,0.5261027834930906,107.11585949855325,187,13,3,North,18638.159552748264,-42857.840447251736,0
12,Summer,55252,0.6976899078037065,0.536860097438203,115.37034228299112,215,17,10,South,22843.32777203224,-32408.67222796776,0
4,Winter,52334,0.5304578370110024,0.3707924446464884,125.2386775346307,194,19,4,North,21916.768568560372,-30417.231431439628,0
11,Summer,58026,0.5958429902457475,0.3679307052766391,103.59436906196899,221,4,10,North,22479.97808644727,-35546.02191355273,0
10,Autumn,50540,0.8020401963682112,0.6443299031892676,68.95245076829877,190,14,9,East,12135.631335220583,-38404.36866477942,0
7,Spring,52403,0.5260125723536613,0.49207100685630495,115.77926710468796,215,14,10,South,23271.63268804228,-29131.36731195772,0
12,Spring,58233,0.4294913330756275,0.3828469356102664,90.56280811133072,205,11,10,North,17569.18477359816,-40663.81522640184,0
9,Spring,70524,0.7382904434464799,0.44442405474657215,92.0494035808908,199,6,1,South,17765.534891111925,-52758.46510888808,0
7,Autumn,52511,0.713660477170456,0.3484108869940089,105.9578983295738,192,10,2,South,19284.337495982432,-33226.66250401757,0
1,Spring,45462,0.5543032676422575,0.48992246290071245,111.3256175943474,219,10,5,South,23267.054077218607,-22194.945922781393,0
1,Winter,29707,0.5887008218131913,0.6247442461496703,103.00269268012435,209,9,3,West,20600.53853602487,-9106.46146397513,0
9,Summer,69613,0.47750649498110476,0.4958493998608608,112.71459072314617,194,15,2,West,20175.911739443163,-49437.08826055683,0
11,Autumn,47367,0.6088952272609702,0.8545450165513077,85.86285731879607,194,14,1,West,15455.314317383294,-31911.685682616706,0
9,Spring,55348,0.71659137153714,0.5632039352073502,99.14592410553433,186,12,10,West,17251.390794362975,-38096.609205637025,0
4,Winter,69059,0.5457395158241721,0.5344931671763319,116.98170900901741,181,17,3,East,19185.000277478855,-49873.99972252114,0
9,Summer,52276,0.6877101978786293,0.36375468035512915,135.45582352873433,199,9,1,North,25736.606470459523,-26539.393529540477,0
3,Summer,48053,0.6463723857390432,0.4642199829736,142.52871177946417,202,7,1,West,27793.098796995513,-20259.901203004487,0
7,Autumn,64196,0.657781689088114,0.3831479235449462,108.65953365455462,207,15,1,East,20862.63046167449,-43333.36953832551,0
6,Autumn,54607,0.5515690819413631,0.17515321573938147,116.80019653491215,213,7,8,North,24060.8404861919,-30546.1595138081,0
8,Autumn,55861,0.5645375817066506,0.6461393333193212,139.63158329630383,208,9,3,West,27786.685075964462,-28074.314924035538,0
11,Winter,34768,0.4153227565528598,0.42328241666746536,86.5832792653301,200,7,1,North,16710.57289820871,-18057.42710179129,0
9,Winter,62059,0.5433330587489894,0.3859399888500041,112.59399705425167,220,5,7,West,24207.70936666411,-37851.29063333589,0
5,Autumn,53755,0.7163485458031259,0.5315855050937697,115.36685898972293,200,17,10,East,21112.135195119296,-32642.864804880704,0
1,Spring,36284,0.5070667805897726,0.5768749328332275,128.95722872153488,200,8,3,South,24759.787914534696,-11524.212085465304,0
3,Summer,54850,0.5219698346143095,0.4518837750640582,77.25717238927555,196,11,8,South,14292.576892015977,-40557.423107984025,0
10,Summer,29374,0.6640189823707123,0.49960974985864726,81.21188432398966,227,5,4,North,18029.038319925705,-11344.961680074295,0
12,Winter,73419,0.6402768291993093,0.6119281110971605,100.42764422209412,190,14,4,East,17675.265383088565,-55743.73461691143,0
8,Summer,38981,0.6689863249796301,0.44597096080850784,107.5545532464327,217,10,5,South,22263.79252201157,-16717.20747798843,0
11,Spring,66117,0.4836779459909596,0.5453500612645001,122.45727907467615,217,17,6,West,24491.45581493523,-41625.54418506477,0
6,Summer,41870,0.8564057949300345,0.2511133072416275,110.35087551624542,196,10,7,South,20525.262846021647,-21344.737153978353,0
8,Winter,55602,0.47842466258327493,0.3138021502358377,96.97173539779432,204,7,4,North,19103.43187336548,-36498.56812663452,0
9,Winter,40878,0.6154247313734068,0.5908309667120606,108.32922889512281,202,12,8,North,20582.553490073333,-20295.446509926667,0
4,Spring,59971,0.5841344504131414,0.30596620412490527,106.02088952548903,213,6,6,East,21946.32413177623,-38024.67586822377,0
1,Spring,47646,0.48133584826349524,0.5351206320669945,134.90032859975577,228,12,1,North,29138.470977547244,-18507.529022452756,0
1,Summer,54677,0.562979057718675,0.4779501826704391,103.31317887137065,193,8,1,South,19112.93809120357,-35564.06190879643,0
10,Summer,50150,0.602330760088587,0.4453299106219657,92.33833172894873,203,18,9,South,17082.591369855516,-33067.408630144484,0
4,Winter,36343,0.5350026788136529,0.37573058465484077,108.99218060143659,189,4,10,South,20163.55341126577,-16179.44658873423,0
12,Spring,55041,0.6937223621534849,0.6364010027158064,103.96970638677064,201,15,6,South,19338.36538793934,-35702.63461206066,0
7,Spring,44967,0.5838374254537528,0.7594836731779753,68.58013288650656,211,7,10,East,13990.347108847338,-30976.652891152662,0
2,Spring,60453,0.4658725328981713,0.5450288243900292,99.68695876755662,204,9,8,West,19438.956959673542,-41014.04304032646,0
3,Summer,47641,0.4573874467330703,0.5483736073509226,97.9852350918799,195,10,7,West,18127.26849199778,-29513.73150800222,0
1,Spring,49232,0.6606165090611456,0.39765040552137587,89.12256268441368,190,17,6,East,15418.203344403566,-33813.79665559644,0
5,Winter,66829,0.45132292172996635,0.320585415226343,120.71166575245945,186,7,4,North,21607.388169690243,-45221.61183030976,0
1,Winter,73816,0.6316426073049084,0.4940391642790738,84.28640806776008,230,6,7,West,18880.15540717826,-54935.84459282174,0
8,Summer,57860,0.6444655185666959,0.3539375528062886,109.11237239049078,225,10,9,North,23459.160063955518,-34400.83993604448,0
1,Autumn,47128,0.5004644636075983,0.23410848075262675,97.04286000312538,204,5,10,West,19311.52914062195,-27816.47085937805,0
11,Summer,46253,0.689073808377489,0.6205168718548373,102.15390011293564,212,6,10,North,21043.703423264742,-25209.296576735258,0
1,Autumn,41813,0.4282206376238368,0.6278250182377749,108.23572582091734,205,13,7,East,20781.25935761613,-21031.74064238387,0
2,Spring,43747,0.6296458933998559,0.37117418405703584,73.84851232217997,200,4,1,South,14474.308415147274,-29272.691584852728,0
2,Summer,47263,0.5959142066403991,0.5365946481918866,103.83321783469566,227,5,10,North,23050.974359302436,-24212.025640697564,0
12,Winter,69642,0.5881002024269106,0.650292840168765,145.77894979426412,209,16,9,South,28135.337310292976,-41506.662689707024,0
6,Spring,48027,0.4822103357019427,0.5307540030592819,68.86473308242552,207,10,4,North,13566.352417237827,-34460.647582762176,0
7,Winter,37739,0.5062977995600074,0.32102680308519,98.8478407256899,188,5,3,North,18089.154852801254,-19649.845147198746,0
5,Spring,50416,0.7618802025020598,0.4650659880144352,122.46478649647639,199,8,4,North,23390.774220826992,-27025.225779173008,0
1,Summer,51781,0.7215155008871754,0.6990214130062986,106.03238495907195,181,12,4,North,17919.47305808316,-33861.52694191684,0
1,Autumn,50356,0.6742084588523798,0.5370539965407669,113.75933904232066,190,7,10,North,20817.959044744683,-29538.040955255317,0
3,Spring,57996,0.6939848103529688,0.5808698154774208,52.48667977814768,213,12,2,South,10549.822635407683,-47446.17736459232,0
2,Autumn,50690,0.6846013544671269,0.5512443829053671,111.96498749259901,187,5,1,North,20377.62772365302,-30312.37227634698,0
5,Spring,57687,0.5676643787713791,0.371673296303262,84.76623587532804,199,13,10,South,15766.519872811015,-41920.48012718899,0
12,Winter,42196,0.6047603551814351,0.4068732171076036,106.19754569166294,223,10,1,East,22620.077232324205,-19575.922767675795,0
10,Winter,67807,0.4527491621958991,0.5508297735577613,99.41130538181018,225,15,8,West,20876.37413018014,-46930.625869819865,0
6,Spring,52524,0.5910304373192473,0.6225307670030612,145.56666058323265,204,17,2,North,27220.965529064506,-25303.034470935494,0
7,Autumn,54002,0.7183414249539186,0.6649857426376824,110.93390647531751,170,11,10,West,17638.491129575486,-36363.50887042451,0
4,Summer,42154,0.5339292751742865,0.37128416828477095,97.74752341474428,206,8,5,South,19354.00963611937,-22799.99036388063,0
7,Summer,54718,0.7023141204687227,0.5649680802015791,69.80614481492891,202,8,4,East,13542.392094096209,-41175.60790590379,0
11,Winter,56510,0.6091585738693763,0.6780566167578465,102.42293803699793,194,8,8,East,19050.666474881615,-37459.33352511839,0
8,Summer,38302,0.46146281343302675,0.35193773445679666,116.46457756693646,211,6,2,East,23875.238401221974,-14426.761598778026,0
11,Winter,33409,0.4892680486653688,0.7230120703699661,98.38896216361553,177,6,10,West,16824.512529978256,-16584.487470021744,0
1,Summer,52936,0.6919302869707755,0.7458411241016285,89.88687280125117,197,16,9,South,16269.523977026462,-36666.47602297354,0
6,Spring,45112,0.6552524085258384,0.8937629509432491,88.54826672307362,193,9,7,North,16292.881077045547,-28819.118922954454,0
8,Winter,52599,0.6101764072987625,0.5346400161244992,110.70282870910641,204,11,7,North,21365.64594085754,-31233.35405914246,0
5,Winter,37089,0.5725968185752054,0.5354637014393673,115.18775878618314,186,12,1,South,20042.670028795867,-17046.329971204133,0
4,Spring,34394,0.6210567977628585,0.6240491583675977,127.22420230642237,205,13,2,West,24427.046842833093,-9966.953157166907,0
2,Winter,52066,0.6880296249253248,0.6196704009574124,80.10000213579283,200,5,4,North,15619.500416479603,-36446.499583520395,0
6,Summer,46502,0.7475853280487285,0.6689550291493409,110.51955116835234,223,19,4,South,22545.988438343877,-23956.011561656123,0
6,Summer,28893,0.7523684199440605,0.6176049770697656,97.56592091164266,198,6,3,North,18732.656815035392,-10160.343184964608,0
11,Winter,63430,0.6371959900758498,0.4840907136442942,98.15531590733438,202,15,7,East,18355.04407467153,-45074.95592532847,0
1,Summer,36923,0.5828068309635479,0.6832995681460253,108.03651708068003,197,16,8,North,19554.609591603086,-17368.390408396914,0
9,Autumn,75733,0.6146248007818855,0.33931187754609116,108.15312507249895,190,14,2,West,19034.950012759815,-56698.049987240185,0
12,Winter,43759,0.6522120357255079,0.5008778505088065,110.57536211583147,192,12,4,South,19903.565180849662,-23855.434819150338,0
11,Spring,54015,0.6518066943845091,0.7345603424074698,78.8505761560838,228,4,3,West,17662.529058962773,-36352.47094103723,0
6,Autumn,66469,0.7307986637140105,0.31246302528195213,85.00377185667082,186,9,2,South,15045.667618630736,-51423.33238136926,0
3,Winter,64794,0.8115755721916655,0.39837865145042556,129.7173655103537,189,12,6,East,22959.973695332603,-41834.02630466739,0
4,Spring,69861,0.5794745370385913,0.6007620936615937,95.5885506503832,190,9,4,South,17301.527667719358,-52559.47233228064,0
12,Summer,34769,0.8155884908824462,0.5590867959854229,106.12028796035793,198,17,6,North,19207.772120824786,-15561.227879175214,0
11,Spring,38641,0.7172239246758394,0.3687461888515633,121.09332624086372,186,8,2,North,21554.612070873744,-17086.387929126256,0
4,Autumn,52259,0.5899177009814792,0.4375708995904789,109.26886144721638,206,8,4,East,21635.234566548843,-30623.765433451157,0
3,Summer,58397,0.7498564838865079,0.3228826906024491,110.93045261944079,185,7,6,South,19745.62056626046,-38651.37943373954,0
10,Winter,49887,0.7685648301419165,0.6470727499280858,117.89155358487514,213,9,5,East,24049.876931314528,-25837.123068685472,0
3,Summer,33620,0.5539704555806153,0.46161779634942024,57.66672478206,218,14,3,North,11764.01185554024,-21855.98814445976,0
3,Winter,54965,0.7732215252485648,0.7688233866140948,90.2009968967893,209,16,8,West,17408.792401080336,-37556.20759891966,0
4,Winter,48057,0.7075082821035963,0.5121650366060032,109.37211592999184,194,14,7,East,19686.98086739853,-28370.01913260147,0
7,Spring,47937,0.8368559127979192,0.4670389544895685,127.75288614115314,191,16,3,West,22356.7550747018,-25580.2449252982,0
4,Spring,27220,0.5575961418000501,0.4524767358062304,101.32191119311545,179,16,6,West,16515.47152447782,-10704.52847552218,0
9,Spring,57974,0.5646573256264004,0.46337002472113575,83.10567076487808,204,17,4,South,15540.760433032201,-42433.2395669678,0
1,Autumn,51452,0.39733378702566596,0.5166231642700705,83.63827900778995,215,4,5,East,17647.676870643678,-33804.32312935632,0
8,Autumn,67951,0.6571193920567961,0.8768611364867478,117.67722406906148,199,15,5,West,21652.60922870731,-46298.39077129269,0
7,Spring,49254,0.6375251255618718,0.4491710494850961,95.64452835216227,182,6,7,West,16833.43698998056,-32420.56301001944,0
2,Autumn,55663,0.5437006328464333,0.45404698088430356,99.85599908419327,205,6,5,South,19871.34381775446,-35791.65618224554,0
8,Summer,58318,0.5918149268511942,0.5098390768524768,112.30060387544638,195,13,3,South,20438.70990533124,-37879.29009466876,0
1,Summer,32538,0.46887789898248844,0.663541175951639,41.96952634612842,166,7,10,North,6673.154689034419,-25864.845310965582,0
11,Autumn,76166,0.7198444952831686,0.2868523158390831,140.00735023016162,179,4,5,West,24501.286290278284,-51664.71370972172,0
12,Autumn,45692,0.551030052547169,0.5682639105364468,85.37852329897878,201,6,7,North,16648.812043300863,-29043.187956699137,0
9,Summer,54945,0.9094049015620951,0.3773862235968257,104.83872738947143,196,3,5,West,20233.874386167987,-34711.12561383202,0
9,Winter,56405,0.5824398699288967,0.5829909033426424,65.90605973007457,229,21,5,North,13708.460423855511,-42696.53957614449,0
2,Summer,41852,0.524038115895169,0.42593600864593156,91.54917779189924,189,4,9,South,16936.59789150136,-24915.40210849864,0
7,Summer,68469,0.5587686881265138,0.15438464903640703,124.89376092730194,178,6,3,East,21481.726879495935,-46987.27312050406,0
10,Autumn,52659,0.45880390234557483,0.5554366404031228,61.676656406682426,194,10,6,South,11348.504778829567,-41310.49522117044,0
3,Summer,47865,0.6482271890702942,0.5541717155520303,122.52400174378282,203,9,1,North,23769.656338293866,-24095.343661706134,0
7,Autumn,51385,0.5580100300220877,0.41313795372808554,94.52607807535232,221,20,10,North,18999.741693145817,-32385.258306854183,0
12,Autumn,57642,0.7131252790397737,0.4042484209785496,109.74328880440383,208,4,5,East,22387.63091609838,-35254.36908390162,0
10,Spring,50107,0.5725252504825582,0.30329409123685214,113.15048826970221,218,13,8,West,23195.85009528895,-26911.14990471105,0
9,Summer,58819,0.7384442111685646,0.6159649912308307,108.82842998981852,219,16,5,North,22092.171287933157,-36726.82871206684,0
4,Winter,33151,0.6757455749317041,0.6323323673700212,82.70098696738347,211,19,9,North,15878.589497737627,-17272.410502262373,0
12,Spring,42520,0.6028596776718343,0.36814236722361654,92.70901706929953,189,13,6,North,16316.787004196718,-26203.212995803282,0
1,Autumn,28611,0.7580232587350821,0.4190098310691724,70.76887645498368,213,17,8,East,13870.699785176803,-14740.300214823197,0
2,Autumn,69970,0.6952293461037209,0.4905066318291555,109.8359266317616,212,5,10,South,22736.03681277465,-47233.96318722535,0
1,Winter,69839,0.8946212826663225,0.840629792155332,134.04110308031852,183,9,8,North,23323.151935975424,-46515.848064024576,0
12,Autumn,56266,0.5590544755021796,0.5817682621383398,63.51118226647075,203,10,3,East,12257.658177428853,-44008.34182257115,0
5,Summer,39873,0.607661610545846,0.3584876727487431,84.76708187723929,208,18,7,North,16105.745556675465,-23767.254443324535,0
5,Spring,73898,0.756870901101093,0.5455670464235758,96.36449448234133,211,6,7,West,19754.72136887997,-54143.27863112003,0
11,Autumn,43955,0.4456462188164887,0.2934962689042877,103.46682847427108,221,7,10,East,22141.90129349401,-21813.09870650599,0
7,Autumn,47867,0.7316943563232562,0.6076985464874256,117.58352602868852,184,8,6,North,20694.70058104918,-27172.29941895082,0
9,Winter,51595,0.6439302757681471,0.7513321090316728,96.95600039284666,202,4,7,East,19197.28807778364,-32397.71192221636,0
9,Summer,54515,0.5111789244552751,0.7519687527625937,93.68082547108699,216,7,2,North,19579.29252345718,-34935.70747654282,0
3,Autumn,56438,0.4636960341448878,0.6102340255211508,122.06261412139482,223,21,9,South,24656.648052521752,-31781.351947478248,0
3,Winter,56839,0.5327510526869715,0.41248814661978056,113.23991134126611,185,10,10,North,19816.984484721568,-37022.01551527843,0
3,Autumn,48554,0.37151804276744277,0.30486473652288115,110.77955951402197,203,14,10,East,20937.336748150152,-27616.663251849848,0
4,Winter,56681,0.5510460556308496,0.2899692434946336,102.25031423176229,212,16,1,West,20041.061589425408,-36639.93841057459,0
8,Winter,48107,0.6622556333342582,0.0790674335752185,119.66304421839718,187,9,1,West,21300.021870874698,-26806.978129125302,0
6,Summer,55793,0.5523699359031172,0.6040783644511882,86.87381217539468,207,6,3,West,17461.63624725433,-38331.363752745674,0
8,Autumn,54972,0.7388312701433808,0.4845746719663401,84.14611435627843,197,7,3,North,15987.761727692901,-38984.2382723071,0
1,Summer,57628,0.7659947602725288,0.636382424967969,114.92201973738648,228,10,1,South,25053.000302750253,-32574.999697249747,0
8,Winter,56379,0.7275644482625774,0.7142047227852182,67.49928061506183,189,13,7,North,11879.873388250882,-44499.12661174912,0
4,Spring,45575,0.6230640910264365,0.5149858315853615,101.84359019272975,205,10,4,West,19859.500087582303,-25715.499912417697,0
11,Autumn,54587,0.367532072751353,0.5218942414569725,93.66883295474976,226,4,10,East,20794.480915954446,-33792.519084045554,0
1,Spring,56533,0.5296302507967394,0.43035194832538004,71.88490538694089,188,11,2,West,12723.628253488538,-43809.37174651146,0
8,Autumn,37088,0.5857961473225612,0.4480873374241388,81.3746484056747,200,18,10,East,14810.186009832796,-22277.813990167204,0
4,Summer,47259,0.5106132350495189,0.6092704868709401,97.82047815409301,206,17,5,South,18488.07037112358,-28770.92962887642,0
6,Summer,56081,0.5860494524513429,0.4738437454452034,120.67926512998045,167,14,6,East,18463.92756488701,-37617.07243511299,0
8,Summer,67092,0.761006746869338,0.45214884998707644,86.94084017484377,197,16,9,North,15736.292071646723,-51355.70792835328,0
4,Summer,58249,0.43542234704846816,0.49725247108357234,124.26762799809987,238,10,4,North,28333.01918356677,-29915.98081643323,0
3,Summer,67723,0.7811692056119026,0.6329495294092384,101.26358455113032,211,17,2,North,19645.13540291928,-48077.86459708072,0
9,Spring,46016,0.6884726421754137,0.39610076632548463,126.20769404339941,201,6,5,East,24610.500338462887,-21405.499661537113,0
3,Summer,52501,0.6268216808277696,0.4900207223671951,87.91016782439902,187,13,3,North,15296.36920144543,-37204.63079855457,0
9,Winter,58057,0.5286383444259236,0.5367916756667644,99.02380823789262,202,14,2,North,18616.47594872381,-39440.52405127619,0
2,Winter,26736,0.5126049654508574,0.6740332855377859,107.36967206673991,222,4,1,North,23406.5885105493,-3329.4114894507,0
2,Spring,65108,0.43737822854112596,0.4641054834800872,96.40979074516976,187,15,10,South,16582.4840081692,-48525.515991830805,0
2,Autumn,31390,0.7716765480314387,0.3923264920922417,119.06048294290471,209,19,2,East,22621.491759151897,-8768.508240848103,0
6,Winter,59969,0.7537611560074041,0.4273458583591467,55.84872549419468,190,7,6,East,10220.316765437627,-49748.68323456237,0
3,Autumn,56868,0.4593715371416718,0.6579586149523069,148.4481107757988,216,18,8,West,29392.725933608162,-27475.274066391838,0
9,Spring,26604,0.5447372005093798,0.8049957947905197,117.15549213990325,199,5,3,East,22728.165475141228,-3875.834524858772,0
4,Autumn,27109,0.6433144769231909,0.3029363279470951,96.52936341929967,192,13,9,South,17278.75605205464,-9830.24394794536,0
1,Autumn,64324,0.5700490861827792,0.33570475773952146,88.95356652845311,177,10,9,East,14855.24561025167,-49468.75438974833,0
4,Autumn,62147,0.40813252429681823,0.4746804819946782,82.67158777102891,196,12,2,South,15211.57214986932,-46935.42785013068,0
1,Autumn,41191,0.5342227239444312,0.5166434144102066,112.91230948339474,221,20,8,South,22695.37420616234,-18495.62579383766,0
5,Spring,41181,0.7951034298020019,0.6180454348332493,119.89963337584707,188,16,10,East,20622.736940645696,-20558.263059354304,0
4,Winter,55126,0.5410021409585556,0.36633004870977703,96.749477437402,212,17,5,West,18866.14810029339,-36259.85189970661,0
8,Summer,49872,0.5836532663297793,0.3405336445025804,122.13980825957006,197,8,4,North,23084.42376105874,-26787.57623894126,0
8,Autumn,60543,0.4854822575964619,0.5207130729700444,81.85479906477755,202,18,10,North,15061.28302791907,-45481.71697208093,0
7,Winter,54795,0.6587762985283748,0.46123989196892473,78.32378300026328,222,6,5,East,16917.937128056867,-37877.06287194313,0
3,Winter,65830,0.6115151799024583,0.6390081496657287,136.266824104911,220,19,4,East,27389.63164508711,-38440.36835491289,0
1,Spring,59700,0.5257980258443021,0.5731039704785575,111.82217227077086,215,9,8,South,23035.367487778796,-36664.6325122212,0
1,Winter,57207,0.4695344604192575,0.5833069021449828,127.93696403626656,208,5,4,East,25971.20369936211,-31235.79630063789,0
12,Spring,46478,0.7404543374010876,0.48432779804347004,82.92120583224614,188,13,10,South,14511.211020643075,-31966.788979356927,0
11,Autumn,45746,0.43944565933589197,0.8533370387852308,81.5294921646254,217,8,6,West,17039.66386240671,-28706.33613759329,0
3,Autumn,49482,0.6503815695589554,0.374337802760936,92.82781361084916,198,7,2,East,17730.11239967219,-31751.88760032781,0
6,Summer,68409,0.3846120755288427,0.5916214750632163,83.51882316921976,195,8,5,North,15618.019932644094,-52790.98006735591,0
7,Summer,45937,0.6707211683012382,0.3095465019390339,114.10730420456902,198,4,6,North,22136.81701568639,-23800.18298431361,0
6,Summer,52605,0.697029888726006,0.3389798483390821,84.97747886147108,198,6,5,East,16315.67594140245,-36289.32405859755,0
6,Winter,27551,0.7094783711639914,0.40889816018518177,76.56660283865419,192,3,2,South,14471.087936505643,-13079.912063494357,0
6,Autumn,56758,0.5838791531430132,0.7443985004927038,102.84030824510465,173,9,7,North,16865.810552197163,-39892.18944780284,0
3,Spring,72571,0.7584003605563696,0.5395841645681029,74.20027648349574,197,5,4,South,14246.453084831182,-58324.546915168816,0
6,Summer,40663,0.8307791694996068,0.4114282897183437,64.0107213704922,224,16,8,East,13314.230045062379,-27348.76995493762,0
8,Spring,81744,0.5678376863954037,0.556165448893186,102.66514467722556,182,7,7,East,17966.400318514472,-63777.59968148553,0
11,Spring,51822,0.5548994969870072,0.5052721822136763,65.0155991397958,198,18,7,North,11702.807845163243,-40119.19215483675,0
11,Summer,24270,0.6149177260344936,0.42620399462913205,115.50558792590846,210,18,9,East,22177.072881774424,-2092.927118225576,0
2,Autumn,46144,0.5522319854105793,0.2905056716317659,72.09332547494408,193,8,1,West,13337.265212864655,-32806.73478713534,0
5,Summer,63304,0.537612980398988,0.7157813726768435,55.186524271605045,169,13,10,West,8609.097786370387,-54694.90221362961,0
1,Spring,69993,0.546326145975849,0.5314727193065063,94.12406699718412,193,16,6,North,16659.95985850159,-53333.04014149841,0
12,Summer,57180,0.7715756008006245,0.8260607560202358,102.89189006592969,188,18,6,West,17491.621311208048,-39688.378688791956,0
1,Spring,65675,0.6771881995035431,0.641048243081132,109.82950127363881,231,15,6,South,23723.172275105982,-41951.827724894014,0
5,Spring,38222,0.5519053872741908,0.5826979587141563,103.44031398031707,190,5,6,North,19136.45808635866,-19085.54191364134,0
12,Summer,43197,0.3544874974277714,0.43471935070745493,78.81374757764516,190,13,10,North,13950.033321243192,-29246.966678756806,0
3,Winter,33205,0.4455535506393532,0.33569816542146247,114.26122361853209,226,15,7,South,24109.11818351027,-9095.881816489731,0
4,Summer,43949,0.6503429082601877,0.46734035232673293,119.20277012959492,197,14,10,West,21814.10693371587,-22134.89306628413,0
3,Winter,57619,0.38784440586111824,0.3313561108691254,75.88475743088922,217,9,6,West,15784.029545624959,-41834.97045437504,0
1,Spring,52126,0.6292993527451956,0.5975285571096132,96.37987722680772,192,17,1,West,16866.478514691353,-35259.52148530865,0
1,Spring,58678,0.4934436275134974,0.7448978746545696,94.5111994578196,208,20,3,North,17768.105498070086,-40909.89450192991,0
12,Winter,40634,0.6091805774580673,0.46086316008243045,104.40763165576068,203,7,2,North,20463.895804529093,-20170.104195470907,0
12,Spring,41244,0.6063856301334143,0.6416736458586796,95.90152416451782,172,4,6,West,16111.456059638995,-25132.543940361007,0
5,Winter,52046,0.612058993389071,0.3966156394674715,98.64244455854046,203,7,8,East,19333.91913347393,-32712.08086652607,0
6,Winter,43973,0.5605578152921479,0.45462997426889734,112.83631060483381,182,15,3,West,18843.663871007248,-25129.336128992752,0
3,Spring,63018,0.5572714374392267,0.37775540231518356,77.72293800797733,186,13,10,South,13446.06827538008,-49571.93172461992,0
12,Autumn,43725,0.5279209581063561,0.18003004473942347,114.74746270521648,196,13,8,North,20998.785675054616,-22726.214324945384,0
9,Winter,45046,0.6483892317241889,0.49451999751220843,122.82265463062501,188,9,8,South,21985.25517888188,-23060.74482111812,0
5,Summer,54188,0.6805192674780948,0.5192677606396628,132.68269986977737,190,12,5,South,23617.52057682037,-30570.47942317963,0
8,Summer,46107,0.47810274774638734,0.6598791498142456,57.13265351725282,177,7,8,North,9712.55109793298,-36394.44890206702,0
1,Spring,37650,0.594837152770773,0.6193157379003932,96.34196685769564,168,9,6,East,15318.372730373607,-22331.62726962639,0
5,Autumn,39006,0.6196582073487737,0.6213429348558492,60.69798851292822,191,15,5,West,10682.845978275367,-28323.154021724633,0
3,Spring,55377,0.6183771134623042,0.35389456653231843,51.29872620454353,193,19,9,South,8925.978359590574,-46451.021640409424,0
12,Autumn,36412,0.6166769619596517,0.5689245959106038,102.88186095214957,218,20,7,North,20370.608468525614,-16041.391531474386,0
1,Winter,63971,0.5597965189654776,0.7373890948222388,92.01696414299276,210,19,8,South,17575.240151311617,-46395.75984868838,0
4,Winter,43096,0.6279030425462538,0.5569801776063622,105.99701903541492,208,10,1,West,20987.409769012156,-22108.590230987844,0
5,Winter,56162,0.661802871098362,0.7742890419597496,109.72255380174632,187,10,2,East,19420.892022909098,-36741.1079770909,0
7,Winter,43695,0.6141036655822564,0.8028449166679794,124.95791916215842,191,14,8,East,22117.55169170204,-21577.44830829796,0
1,Summer,40847,0.6505939836533724,0.45972975945625316,101.0784085061156,202,18,9,East,18598.427165125267,-22248.572834874733,0
3,Summer,52461,0.6990353411037507,0.3954590382379143,158.46711234638175,194,6,4,North,29791.81712111977,-22669.18287888023,0
2,Spring,60517,0.4149059642104732,0.38578067518715753,106.12819709970425,181,8,10,North,18360.178098248834,-42156.821901751166,0
9,Autumn,47526,0.6943463841865367,0.272579626984517,136.84958089134423,215,6,10,East,28601.562406290945,-18924.437593709055,0
10,Winter,49345,0.6342427765221275,0.42223956508767174,53.34324398951503,193,13,9,West,9601.783918112706,-39743.216081887294,0
6,Winter,58074,0.4888374672261273,0.681149817463437,126.9947905910125,193,8,4,West,23494.036259337314,-34579.963740662686,0
10,Autumn,58405,0.6802470882319689,0.16939436371231403,96.38479020408879,192,8,10,North,17734.801397552335,-40670.198602447665,0
3,Autumn,49615,0.5601679093976037,0.34438198989293806,61.03305481145457,180,4,10,East,10741.817646816004,-38873.182353184,0
8,Spring,45565,0.5738033563681447,0.48093028375220037,108.41090218456239,219,10,10,West,22657.878556573538,-22907.121443426462,0
8,Autumn,50826,0.5492320217534338,0.36842221990674495,93.94088924031365,182,16,9,West,15594.187613892067,-35231.81238610794,0
2,Winter,48090,0.6302398844238224,0.42090710836396694,111.60106496896285,179,6,7,West,19306.984239630572,-28783.015760369428,0
6,Winter,53129,0.5214646857487947,0.4231505488366545,120.22152915102157,206,15,2,North,22962.31206784512,-30166.68793215488,0
7,Winter,38057,0.6901474629947786,0.46136896699073765,70.21699766476809,176,12,9,East,11515.587617021967,-26541.412382978033,0
2,Winter,52771,0.5861137412805328,0.3905817955835392,120.29837964910315,198,17,4,South,21774.00671648767,-30996.99328351233,0
11,Winter,42816,0.5635797516512062,0.3783180179216678,100.12958968441433,180,5,8,East,17522.678194772507,-25293.321805227493,0
10,Spring,59058,0.675287567761397,0.6401464618881847,127.05682349386545,194,19,7,East,22234.944111426455,-36823.055888573545,0
2,Winter,43275,0.5680443237680919,0.6574481266790517,95.89703542004263,200,13,7,North,17932.745623547973,-25342.254376452027,0
10,Spring,43448,0.6948176825362301,0.2929184982128886,90.59182214937158,197,19,8,West,16125.344342588141,-27322.65565741186,0
1,Winter,54453,0.6979592950840865,0.08606039010906741,100.54108081377903,205,19,1,West,18700.6410313629,-35752.3589686371,0
8,Summer,50142,0.4665196161781022,0.6595062274356396,102.03721412759707,200,7,5,North,19693.182326626233,-30448.817673373767,0
1,Summer,72766,0.7109260202222923,0.31567993721717935,86.74430397016529,190,4,2,North,16134.440538450744,-56631.55946154926,0
9,Summer,33706,0.4537964028498114,0.531911725768961,90.07390538089433,178,7,2,North,15402.63782013293,-18303.362179867072,0
11,Summer,51098,0.7171580526882511,0.2651492190457674,75.46248930972422,201,12,1,North,14262.410479537877,-36835.58952046212,0
6,Spring,61296,0.8028357192230239,0.6946632477889507,91.30709820419611,199,6,5,North,17622.26995340985,-43673.73004659015,0
7,Spring,44216,0.6874834438269132,0.8815501842952291,113.52620119995157,186,6,2,South,20434.716215991284,-23781.283784008716,0
10,Autumn,40894,0.38430193553003267,0.5274210363808005,97.25291652187713,212,12,4,East,19450.583304375425,-21443.416695624575,0
7,Winter,41291,0.7063565719386018,0.4858846027310725,120.18130592094657,204,4,3,East,24036.261184189316,-17254.738815810684,0
10,Summer,33880,0.8246128965936012,0.4516790637214904,96.29141064693853,172,5,3,East,16080.665578038734,-17799.334421961266,0
3,Spring,63497,0.569696835900197,0.6172698966969368,71.36964004553371,178,9,2,West,12061.469167695197,-51435.5308323048,0
2,Winter,46703,0.596529667997011,0.5851530126401878,111.94549775113165,182,4,6,South,19926.298599701433,-26776.701400298567,0
9,Winter,45519,0.48115132780735675,0.6505247680329297,86.52753717933194,212,10,2,East,17478.562510225052,-28040.437489774948,0
8,Spring,28759,0.6312079418819669,0.4058125216102876,95.33265422472931,183,10,8,West,16492.54918087817,-12266.45081912183,0
12,Summer,35662,0.726917718254313,0.5510176559606967,124.75144094968235,198,11,8,South,23328.5194575906,-12333.480542409401,0
10,Autumn,64653,0.6697737128149454,0.4186297899940706,76.78259080556973,193,17,5,South,13513.735981780272,-51139.26401821973,0
7,Winter,53031,0.9141966977287799,0.34134265278949183,103.2948757492877,206,12,10,West,20039.205895361814,-32991.79410463819,0
9,Autumn,61665,0.6033027042965797,0.49384768684948044,99.18963299928416,206,11,7,South,19341.97843486041,-42323.021565139585,0
4,Summer,60399,0.4369326632584736,0.36162309044343766,114.01851430874206,181,9,4,West,19611.184461103632,-40787.815538896364,0
4,Summer,39993,0.6170970971568219,0.6760590496613883,117.10306730964045,185,15,1,East,19907.521442638877,-20085.478557361123,0
1,Autumn,74298,0.35835482347875103,0.3707119432976266,105.27678008497784,196,17,2,West,18844.543635211034,-55453.456364788966,0
8,Summer,69497,0.5466896075135486,0.554531891103104,92.792507068392,214,18,10,South,18187.331385404832,-51309.66861459517,0
12,Winter,44362,0.7624382058600212,0.40948665518604166,109.4674500805192,199,14,10,East,20251.478264896054,-24110.521735103946,0
3,Autumn,14317,0.6325133648631771,0.5415594125656268,126.71311794289124,207,6,4,East,25469.33670652114,11152.336706521139,1
7,Summer,46434,0.6179416812831269,0.42140051398169653,99.45420120720598,200,8,1,North,19095.20663178355,-27338.79336821645,0
12,Autumn,52382,0.7820780376715356,0.3114183087713694,94.65487771153947,214,5,8,North,19782.869441711748,-32599.130558288252,0
2,Winter,44322,0.572940010833663,0.5725659111427768,107.7634051533598,214,20,9,South,20906.1005997518,-23415.8994002482,0
2,Summer,47784,0.7261820412934109,0.4646876567130167,100.77454040739224,184,13,4,West,17232.446409664073,-30551.553590335927,0
7,Winter,41713,0.612930697516634,0.5428977411083689,73.24581152164401,194,15,10,West,13111.000262374278,-28601.999737625723,0
6,Summer,59216,0.6380047463459027,0.43567355965543436,104.78661600794963,216,9,3,South,21690.829513645574,-37525.17048635443,0
3,Spring,50636,0.4782695144136987,0.3008095229347322,73.06475182472472,183,16,2,East,12201.81355472903,-38434.18644527097,0
9,Summer,59515,0.5517953205171783,0.6624767895584385,107.48961292816891,204,8,5,South,21067.964133921105,-38447.03586607889,0
10,Autumn,62222,0.4602481767156126,0.6105136633161632,84.05714551186865,216,4,3,South,17820.114848516154,-44401.885151483846,0
6,Summer,28256,0.5904754921774654,0.41495585366701343,100.73749608372692,203,10,10,East,19442.336744159296,-8813.663255840704,0
10,Winter,42294,0.6390402343916267,0.5104668820248197,107.81187812398473,211,13,7,West,21346.751868548978,-20947.248131451022,0
10,Winter,43759,0.48899618949085477,0.6563029224744406,149.07806691887143,225,13,6,South,31604.55018680074,-12154.449813199259,0
6,Summer,75713,0.8049178922684823,0.43144424962064043,114.85499923573849,181,16,1,West,18951.07487389685,-56761.925126103146,0
1,Autumn,51490,0.627810601909196,0.45471732422141725,127.2959761948467,222,6,8,South,27495.93085808689,-23994.06914191311,0
4,Spring,58125,0.605779558558522,0.536544875001106,137.4349563738785,181,11,2,East,23363.942583559343,-34761.05741644066,0
10,Autumn,31193,0.6769657751345625,0.4311363404668121,109.78511833998888,198,12,5,East,20420.032011237934,-10772.967988762066,0
6,Spring,51432,0.5171071919134078,0.6285637995480533,105.71379600534398,192,8,9,North,19451.33846498329,-31980.66153501671,0
6,Winter,59782,0.6163477479167453,0.4746648829538843,78.66557782347569,206,17,8,East,14867.794208636904,-44914.2057913631,0
11,Autumn,58619,0.5283133779642408,0.3823946187509039,97.66740135199211,191,15,2,North,17189.46263795061,-41429.53736204939,0
12,Spring,56233,0.7558679910088982,0.5912958244810992,85.53824540728274,202,15,9,South,15995.651891161873,-40237.34810883812,0
5,Summer,50130,0.49413606506029184,0.32868040258529796,91.97882299751228,177,15,5,West,14900.569325596989,-35229.43067440301,0
1,Winter,50615,0.6063165459307174,0.8022317841686321,137.41326752384936,221,17,10,East,28032.30657486527,-22582.69342513473,0
8,Summer,33067,0.6329315785151776,0.7373744545370304,102.2924301839998,221,8,6,East,21788.287629191957,-11278.712370808043,0
5,Winter,40994,0.6394825744407702,0.5770243215381523,82.48200844567782,214,16,3,East,16331.437672244208,-24662.56232775579,0
12,Autumn,52309,0.5418764826917167,0.5643996532729852,127.49066909382609,188,8,3,South,22948.320436888695,-29360.679563111305,0
12,Autumn,42840,0.5104490597854902,0.5573662126728948,119.10550952474898,199,7,10,North,22868.257828751804,-19971.742171248196,0
12,Winter,56888,0.5433204826953901,0.4266357821121639,120.15306985200793,176,4,8,South,20666.328014545365,-36221.67198545464,0
5,Winter,54667,0.6528325434210283,0.5445964468521264,59.87739593795211,177,14,10,West,9760.015537886195,-44906.9844621138,0
7,Winter,63673,0.5856154229088036,0.3615301084313227,138.9734191544297,220,16,10,South,28350.57750750366,-35322.422492496335,0
4,Autumn,59582,0.6796208808452522,0.5755727627660272,88.82970515812225,192,7,2,West,16433.495454252617,-43148.50454574738,0
6,Spring,52272,0.6477003719395074,0.6301770414546943,115.5590954558551,192,15,2,East,20453.959895686352,-31818.040104313648,0
4,Summer,57479,0.3723087301900392,0.44328708485249985,150.47599581234064,217,20,5,West,29643.771175031106,-27835.228824968894,0
3,Summer,60051,0.624749779683721,0.4107347308767921,143.10665496381233,208,5,6,West,29050.650957653903,-31000.349042346097,0
7,Autumn,44925,0.825045476781627,0.31812844630281356,80.44875749054626,210,8,2,North,16250.649013090344,-28674.350986909656,0
8,Summer,46706,0.7325269051038331,0.7186932850348536,71.10965325995454,181,14,5,West,11875.312094412408,-34830.68790558759,0
4,Winter,49031,0.6422013160706969,0.4226503949236683,128.60693197695855,189,7,7,West,23406.461619806454,-25624.538380193546,0
2,Spring,45244,0.4940607869530056,0.47018914459750655,102.84111623188,177,12,10,South,16968.784178260197,-28275.215821739803,0
12,Summer,60156,0.6477553716125646,0.5450233377493588,89.9823711739584,207,5,10,East,18176.438977139598,-41979.561022860406,0
10,Spring,43726,0.6739749939878259,0.5423311464334902,112.42437093878095,192,10,8,South,20461.235510858132,-23264.764489141868,0
3,Winter,62516,0.5746253319172416,0.6119840143521604,96.74240845081118,213,16,7,South,19058.254464809805,-43457.745535190195,0
1,Summer,46330,0.6316742058804438,0.4431005120242507,114.02648274097487,188,14,8,East,19840.607996929626,-26489.392003070374,0
8,Autumn,54723,0.750966245839604,0.32919980922936304,101.33963615637465,201,17,9,East,18646.493052772938,-36076.50694722706,0
3,Spring,51664,0.5142725580258274,0.3029502036541526,114.44775856656334,191,17,5,West,19913.909990582022,-31750.090009417978,0
12,Winter,40240,0.4941700395040873,0.413111715073573,82.10934621727223,212,17,5,West,16011.322512368086,-24228.677487631914,0
10,Spring,49801,0.6692699325994212,0.3572224287988064,128.4892402626527,199,14,10,North,23770.509448590747,-26030.490551409253,0
7,Summer,53336,0.645754263619808,0.4544574942038363,113.95246741464877,167,3,4,South,18688.2046560024,-34647.7953439976,0
10,Summer,49357,0.7028838295412811,0.6961368216139974,112.92594738807145,227,14,9,East,24053.226793659218,-25303.773206340782,0
5,Autumn,36572,0.6569793811903769,0.4434082691174467,77.64660145976012,190,4,5,West,14442.267871515382,-22129.73212848462,0
10,Winter,67014,0.5432244936825806,0.4433523707998165,133.99264833288493,204,17,2,East,25056.625238249482,-41957.374761750514,0
5,Winter,50876,0.6432192651465405,0.4975401835616317,99.72567801267463,202,9,10,West,19247.055856446204,-31628.944143553796,0
7,Autumn,42056,0.4857873456703826,0.4391562513181901,114.56097724859683,221,14,8,North,23714.12229045954,-18341.87770954046,0
9,Autumn,66207,0.5749681288267006,0.4898913146422709,93.54351072506783,208,8,7,North,18708.702145013565,-47498.297854986435,0
12,Winter,56173,0.6502799230966404,0.581130383372202,105.21778129364195,193,15,8,East,18728.765070268266,-37444.234929731734,0
5,Spring,37998,0.563948578327611,0.6327126582144971,105.94254704238809,201,18,3,North,19387.48610875702,-18610.51389124298,0
1,Spring,39555,0.8468052182229827,0.6504819799608536,43.60138135993158,216,11,4,East,8938.283178785974,-30616.716821214024,0
10,Autumn,47776,0.41078157511763325,0.808527833109653,111.64896249309662,226,20,5,West,22999.686273577903,-24776.313726422097,0
10,Spring,52973,0.5452509643001189,0.5854039169258657,139.3068292344417,192,7,6,South,25771.763408371713,-27201.236591628287,0
1,Winter,56227,0.5062220166130089,0.8351718352023964,110.79560517983914,202,12,1,North,21051.164984169438,-35175.83501583056,0
2,Summer,59501,0.5299651192542046,0.38352772879105357,80.84583502220524,192,17,4,West,14148.021128885915,-45352.978871114086,0
6,Summer,55395,0.5357001776519121,0.8136927353636878,112.99923132307774,194,8,10,South,21017.85702609246,-34377.14297390754,0
9,Spring,63467,0.46735793131410064,0.44294359186706145,121.18961060346678,199,19,5,South,21814.129908624018,-41652.87009137598,0
8,Autumn,51267,0.6752702148572627,0.4576971603855447,110.24933032380774,184,5,7,South,19734.630127961587,-31532.369872038413,0
5,Autumn,42403,0.5452904702612899,0.482019117886569,98.51745787139912,200,4,5,West,19309.421742794228,-23093.578257205772,0
1,Autumn,49966,0.6163573335588655,0.4672068933261903,95.15701548352139,219,20,1,West,18936.246081220757,-31029.753918779243,0
7,Autumn,49310,0.5565174238089755,0.5128760595089755,95.07380489266386,276,7,7,East,25574.85351612658,-23735.14648387342,0
5,Autumn,24217,0.530911958771379,0.4129957996267341,113.95553802022425,205,20,8,South,21081.774533741485,-3135.2254662585146,0
6,Spring,44386,0.767227923608685,0.6244943259607058,71.85752009880744,198,19,7,South,12862.496097686531,-31523.503902313467,0
7,Summer,53142,0.6922932182209408,0.41707474480682305,92.56253678289187,198,6,4,South,17772.00706231524,-35369.99293768476,0
3,Summer,45757,0.4131799600044855,0.5983415597379338,131.91219646021898,210,13,8,East,25986.70270266314,-19770.29729733686,0
12,Spring,43537,0.4025862551664113,0.7291585429285646,132.6839053315435,186,6,5,South,23883.10295967783,-19653.89704032217,0
10,Autumn,59113,0.7042608835636487,0.446434644528839,70.43705824396676,190,10,10,West,12678.670483914017,-46434.329516085985,0
3,Spring,40834,0.5480146608451246,0.6191575126968766,77.37172777472782,180,4,9,South,13617.424088352096,-27216.575911647902,0
5,Summer,57116,0.43509176660657767,0.5838738933354777,94.58758840944127,191,7,10,North,17404.116267337195,-39711.883732662805,0
6,Winter,36672,0.7045735132540341,0.8379330323329625,117.85179034228705,207,10,5,West,23216.802697430547,-13455.197302569453,0
9,Spring,77607,0.616912405009909,0.4242754152732575,63.45051291894019,205,11,1,East,12309.399506274398,-65297.6004937256,0
12,Autumn,47843,0.6251571084832319,0.6192607425208676,98.90382730165044,187,18,9,South,16714.746813978923,-31128.253186021077,0
5,Summer,46767,0.6809539272005907,0.2560983362335171,90.5164168684071,194,16,5,North,16111.922202576465,-30655.077797423535,0
1,Summer,61430,0.4690022841717606,0.4256212383894781,126.51929348570468,180,14,6,East,21002.202718626977,-40427.79728137302,0
